{"v":"5.5.9","fr":30,"ip":0,"op":90,"w":338,"h":376,"nm":"Service_01_UX","ddd":0,"assets":[],"layers":[{"ddd":0,"ind":1,"ty":4,"nm":"image ","sr":1,"ks":{"o":{"a":0,"k":100,"ix":11},"r":{"a":0,"k":0,"ix":10},"p":{"a":0,"k":[142.1,127.918,0],"ix":2},"a":{"a":0,"k":[142.1,127.918,0],"ix":1},"s":{"a":0,"k":[100,100,100],"ix":6}},"ao":0,"shapes":[{"ty":"gr","it":[{"ind":0,"ty":"sh","ix":1,"ks":{"a":0,"k":{"i":[[0,4.2],[0,0],[3.1,-1.8],[0,0],[0,-4.2],[0,0],[-3.1,1.8],[0,0]],"o":[[0,0],[0,-4.2],[0,0],[-3.2,1.8],[0,0],[0,4.2],[0,0],[3.2,-1.8]],"v":[[36.4,3],[36.4,-45],[30.7,-49.3],[-30.7,-13.9],[-36.4,-3],[-36.4,45],[-30.7,49.3],[30.6,13.9]],"c":true},"ix":2},"nm":"Path 1","mn":"ADBE Vector Shape - Group","hd":false},{"ty":"tm","s":{"a":0,"k":0,"ix":1},"e":{"a":1,"k":[{"i":{"x":[0.667],"y":[1]},"o":{"x":[0.333],"y":[0]},"t":55,"s":[0]},{"t":64.9169921875,"s":[100]}],"ix":2},"o":{"a":0,"k":0,"ix":3},"m":1,"ix":2,"nm":"Trim Paths 1","mn":"ADBE Vector Filter - Trim","hd":false},{"ty":"st","c":{"a":0,"k":[0.258999992819,0.588000009574,0.917999985639,1],"ix":3},"o":{"a":0,"k":100,"ix":4},"w":{"a":0,"k":1.5,"ix":5},"lc":1,"lj":1,"ml":10,"bm":0,"nm":"Stroke 1","mn":"ADBE Vector Graphic - Stroke","hd":false},{"ty":"tr","p":{"a":1,"k":[{"i":{"x":0.667,"y":1},"o":{"x":1,"y":0},"t":59.25,"s":[135.85,126.418],"to":[2.417,0.25],"ti":[-1.583,-0.25]},{"i":{"x":0.667,"y":1},"o":{"x":0.333,"y":0},"t":67.75,"s":[150.35,127.918],"to":[1.583,0.25],"ti":[0.833,0]},{"t":72,"s":[145.35,127.918]}],"ix":2},"a":{"a":0,"k":[0,0],"ix":1},"s":{"a":0,"k":[100,100],"ix":3},"r":{"a":0,"k":0,"ix":6},"o":{"a":0,"k":100,"ix":7},"sk":{"a":0,"k":0,"ix":4},"sa":{"a":0,"k":0,"ix":5},"nm":"Transform"}],"nm":"Group 2","np":3,"cix":2,"bm":0,"ix":1,"mn":"ADBE Vector Group","hd":false},{"ty":"gr","it":[{"ind":0,"ty":"sh","ix":1,"ks":{"a":0,"k":{"i":[[0,4],[0,0],[3,-1.7],[0,0],[0,-4],[0,0],[-3,1.7],[0,0]],"o":[[0,0],[0,-4],[0,0],[-3,1.7],[0,0],[0,4],[0,0],[3,-1.8]],"v":[[34.6,2.85],[34.6,-42.85],[29.2,-46.95],[-29.2,-13.25],[-34.6,-2.85],[-34.6,42.85],[-29.2,46.95],[29.2,13.25]],"c":true},"ix":2},"nm":"Path 1","mn":"ADBE Vector Shape - Group","hd":false},{"ty":"gf","o":{"a":0,"k":100,"ix":10},"r":1,"bm":0,"g":{"p":7,"k":{"a":0,"k":[0,0.043,0.157,0.345,0.165,0.043,0.157,0.345,0.33,0.043,0.157,0.345,0.473,0.09,0.251,0.471,0.615,0.137,0.345,0.596,0.808,0.198,0.467,0.757,1,0.259,0.588,0.918,0,0,0.166,0.025,0.333,0.05,0.481,0.11,0.63,0.17,0.815,0.585,1,1],"ix":9}},"s":{"a":0,"k":[90,22.5],"ix":5},"e":{"a":0,"k":[-56.5,1.5],"ix":6},"t":1,"nm":"Gradient Fill 1","mn":"ADBE Vector Graphic - G-Fill","hd":false},{"ty":"tr","p":{"a":0,"k":[137.05,125.668],"ix":2},"a":{"a":0,"k":[0,0],"ix":1},"s":{"a":0,"k":[100,100],"ix":3},"r":{"a":0,"k":0,"ix":6},"o":{"a":1,"k":[{"i":{"x":[0.667],"y":[1]},"o":{"x":[0.333],"y":[0]},"t":64.917,"s":[0]},{"t":69.1669921875,"s":[100]}],"ix":7},"sk":{"a":0,"k":0,"ix":4},"sa":{"a":0,"k":0,"ix":5},"nm":"Transform"}],"nm":"Group 1","np":2,"cix":2,"bm":0,"ix":2,"mn":"ADBE Vector Group","hd":false}],"ip":-8,"op":592,"st":-8,"bm":0},{"ddd":0,"ind":2,"ty":4,"nm":"title ","sr":1,"ks":{"o":{"a":1,"k":[{"i":{"x":[0.833],"y":[0.833]},"o":{"x":[0.167],"y":[0.167]},"t":36,"s":[0]},{"t":40,"s":[100]}],"ix":11},"r":{"a":0,"k":0,"ix":10},"p":{"a":0,"k":[98.2,91.968,0],"ix":2},"a":{"a":0,"k":[98.2,91.968,0],"ix":1},"s":{"a":0,"k":[100,100,100],"ix":6}},"ao":0,"shapes":[{"ty":"gr","it":[{"ind":0,"ty":"sh","ix":1,"ks":{"a":1,"k":[{"i":{"x":0.667,"y":1},"o":{"x":0.67,"y":0},"t":39,"s":[{"i":[[0,4.2],[0,0],[3.1,-1.8],[0,0],[0,-4.2],[0,0],[-3.1,1.8],[0,0]],"o":[[0,0],[0,-4.2],[0,0],[-3.2,1.8],[0,0],[0,4.2],[0,0],[3.2,-1.8]],"v":[[-69.05,42.55],[-69.05,37.95],[-74.75,33.65],[-75.75,33.8],[-81.45,44.7],[-81.45,49.3],[-75.75,53.6],[-74.85,53.45]],"c":true}]},{"i":{"x":0.667,"y":1},"o":{"x":0.167,"y":0},"t":47,"s":[{"i":[[0,4.2],[0,0],[3.1,-1.8],[0,0],[0,-4.2],[0,0],[-3.1,1.8],[0,0]],"o":[[0,0],[0,-4.2],[0,0],[-3.2,1.8],[0,0],[0,4.2],[0,0],[3.2,-1.8]],"v":[[89.2,-48.45],[89.2,-53.05],[83.5,-57.35],[-75.75,33.8],[-81.45,44.7],[-81.45,49.3],[-75.75,53.6],[83.4,-37.55]],"c":true}]},{"t":50,"s":[{"i":[[0,4.2],[0,0],[3.1,-1.8],[0,0],[0,-4.2],[0,0],[-3.1,1.8],[0,0]],"o":[[0,0],[0,-4.2],[0,0],[-3.2,1.8],[0,0],[0,4.2],[0,0],[3.2,-1.8]],"v":[[81.45,-44.7],[81.45,-49.3],[75.75,-53.6],[-75.75,33.8],[-81.45,44.7],[-81.45,49.3],[-75.75,53.6],[75.65,-33.8]],"c":true}]}],"ix":2},"nm":"Path 1","mn":"ADBE Vector Shape - Group","hd":false},{"ty":"st","c":{"a":0,"k":[0.258999992819,0.588000009574,0.917999985639,1],"ix":3},"o":{"a":0,"k":100,"ix":4},"w":{"a":0,"k":1.5,"ix":5},"lc":1,"lj":1,"ml":10,"bm":0,"nm":"Stroke 1","mn":"ADBE Vector Graphic - Stroke","hd":false},{"ty":"tr","p":{"a":0,"k":[100.3,92.618],"ix":2},"a":{"a":0,"k":[0,0],"ix":1},"s":{"a":0,"k":[100,100],"ix":3},"r":{"a":0,"k":0,"ix":6},"o":{"a":0,"k":100,"ix":7},"sk":{"a":0,"k":0,"ix":4},"sa":{"a":0,"k":0,"ix":5},"nm":"Transform"}],"nm":"Group 1","np":2,"cix":2,"bm":0,"ix":1,"mn":"ADBE Vector Group","hd":false},{"ty":"gr","it":[{"ind":0,"ty":"sh","ix":1,"ks":{"a":1,"k":[{"i":{"x":0.667,"y":1},"o":{"x":0.67,"y":0},"t":39,"s":[{"i":[[0,4.2],[0,0],[3.099,-1.8],[0,0],[0,-4.2],[0,0],[-3.1,1.8],[0,0]],"o":[[0,0],[0,-4.2],[0,0],[-3.199,1.8],[0,0],[0,4.2],[0,0],[3.099,-1.9]],"v":[[-69.051,42.5],[-69.051,37.9],[-74.75,33.6],[-75.751,33.85],[-81.45,44.75],[-81.45,49.35],[-75.751,53.65],[-74.75,53.5]],"c":true}]},{"i":{"x":0.667,"y":1},"o":{"x":0.167,"y":0},"t":47,"s":[{"i":[[0,4.2],[0,0],[3.099,-1.8],[0,0],[0,-4.2],[0,0],[-3.1,1.8],[0,0]],"o":[[0,0],[0,-4.2],[0,0],[-3.199,1.8],[0,0],[0,4.2],[0,0],[3.099,-1.9]],"v":[[89.2,-48.5],[89.2,-53.1],[83.501,-57.4],[-75.751,33.85],[-81.45,44.75],[-81.45,49.35],[-75.751,53.65],[83.501,-37.5]],"c":true}]},{"t":50,"s":[{"i":[[0,4.2],[0,0],[3.099,-1.8],[0,0],[0,-4.2],[0,0],[-3.1,1.8],[0,0]],"o":[[0,0],[0,-4.2],[0,0],[-3.199,1.8],[0,0],[0,4.2],[0,0],[3.099,-1.9]],"v":[[81.45,-44.75],[81.45,-49.35],[75.751,-53.65],[-75.751,33.85],[-81.45,44.75],[-81.45,49.35],[-75.751,53.65],[75.751,-33.75]],"c":true}]}],"ix":2},"nm":"Path 1","mn":"ADBE Vector Shape - Group","hd":false},{"ty":"gf","o":{"a":0,"k":100,"ix":10},"r":1,"bm":0,"g":{"p":7,"k":{"a":0,"k":[0,0.043,0.157,0.345,0.165,0.043,0.157,0.345,0.33,0.043,0.157,0.345,0.473,0.09,0.251,0.471,0.615,0.137,0.345,0.596,0.808,0.198,0.467,0.757,1,0.259,0.588,0.918,0,0,0.166,0.025,0.333,0.05,0.481,0.11,0.63,0.17,0.815,0.585,1,1],"ix":9}},"s":{"a":0,"k":[133,35],"ix":5},"e":{"a":0,"k":[-115.5,23],"ix":6},"t":1,"nm":"Gradient Fill 1","mn":"ADBE Vector Graphic - G-Fill","hd":false},{"ty":"tr","p":{"a":0,"k":[96.1,91.368],"ix":2},"a":{"a":0,"k":[0,0],"ix":1},"s":{"a":0,"k":[100,100],"ix":3},"r":{"a":0,"k":0,"ix":6},"o":{"a":0,"k":100,"ix":7},"sk":{"a":0,"k":0,"ix":4},"sa":{"a":0,"k":0,"ix":5},"nm":"Transform"}],"nm":"Group 2","np":2,"cix":2,"bm":0,"ix":2,"mn":"ADBE Vector Group","hd":false}],"ip":-8,"op":592,"st":-8,"bm":0},{"ddd":0,"ind":3,"ty":4,"nm":"text 2","sr":1,"ks":{"o":{"a":0,"k":100,"ix":11},"r":{"a":0,"k":0,"ix":10},"p":{"a":0,"k":[54.05,179.418,0],"ix":2},"a":{"a":0,"k":[54.05,179.418,0],"ix":1},"s":{"a":0,"k":[100,100,100],"ix":6}},"ao":0,"shapes":[{"ty":"gr","it":[{"ind":0,"ty":"sh","ix":1,"ks":{"a":1,"k":[{"i":{"x":0.667,"y":1},"o":{"x":0.333,"y":0},"t":44,"s":[{"i":[[0,1.1],[0.8,-0.4],[0,0],[0,-1.1],[-0.8,0.4],[0,0]],"o":[[0,-1.1],[0,0],[-0.8,0.5],[0,1.1],[0,0],[0.8,-0.5]],"v":[[-32.05,18.95],[-33.55,17.75],[-33.7,17.4],[-35.2,20.3],[-33.7,21.5],[-33.55,21.85]],"c":true}]},{"i":{"x":0.667,"y":1},"o":{"x":0.333,"y":0},"t":50,"s":[{"i":[[0,1.1],[0.8,-0.4],[0,0],[0,-1.1],[-0.8,0.4],[0,0]],"o":[[0,-1.1],[0,0],[-0.8,0.5],[0,1.1],[0,0],[0.8,-0.5]],"v":[[38.262,-21.55],[36.762,-22.75],[-33.637,17.4],[-35.137,20.3],[-33.637,21.5],[36.762,-18.65]],"c":true}]},{"t":52,"s":[{"i":[[0,1.1],[0.8,-0.4],[0,0],[0,-1.1],[-0.8,0.4],[0,0]],"o":[[0,-1.1],[0,0],[-0.8,0.5],[0,1.1],[0,0],[0.8,-0.5]],"v":[[35.2,-20.3],[33.7,-21.5],[-33.7,17.4],[-35.2,20.3],[-33.7,21.5],[33.7,-17.4]],"c":true}]}],"ix":2},"nm":"Path 1","mn":"ADBE Vector Shape - Group","hd":false},{"ty":"gf","o":{"a":0,"k":100,"ix":10},"r":1,"bm":0,"g":{"p":5,"k":{"a":0,"k":[0,0.259,0.588,0.918,0.165,0.225,0.539,0.88,0.33,0.192,0.49,0.843,0.665,0.11,0.375,0.755,1,0.027,0.259,0.667],"ix":9}},"s":{"a":0,"k":[35,-6.5],"ix":5},"e":{"a":0,"k":[-35,34],"ix":6},"t":1,"nm":"Gradient Fill 1","mn":"ADBE Vector Graphic - G-Fill","hd":false},{"ty":"tr","p":{"a":0,"k":[54.05,206.618],"ix":2},"a":{"a":0,"k":[0,0],"ix":1},"s":{"a":0,"k":[100,100],"ix":3},"r":{"a":0,"k":0,"ix":6},"o":{"a":0,"k":100,"ix":7},"sk":{"a":0,"k":0,"ix":4},"sa":{"a":0,"k":0,"ix":5},"nm":"Transform"}],"nm":"Group 1","np":2,"cix":2,"bm":0,"ix":1,"mn":"ADBE Vector Group","hd":false},{"ty":"gr","it":[{"ind":0,"ty":"sh","ix":1,"ks":{"a":1,"k":[{"i":{"x":0.667,"y":1},"o":{"x":0.333,"y":0},"t":44,"s":[{"i":[[0,1.1],[0.8,-0.4],[0,0],[0,-1.101],[-0.8,0.4],[0,0]],"o":[[0,-1.1],[0,0],[-0.8,0.5],[0,1.099],[0,0],[0.8,-0.5]],"v":[[-32.05,18.95],[-33.55,17.75],[-33.7,17.4],[-35.2,20.301],[-33.7,21.5],[-33.55,21.85]],"c":true}]},{"i":{"x":0.667,"y":1},"o":{"x":0.333,"y":0},"t":50,"s":[{"i":[[0,1.1],[0.8,-0.4],[0,0],[0,-1.101],[-0.8,0.4],[0,0]],"o":[[0,-1.1],[0,0],[-0.8,0.5],[0,1.099],[0,0],[0.8,-0.5]],"v":[[38.262,-21.55],[36.762,-22.75],[-33.637,17.4],[-35.137,20.301],[-33.637,21.5],[36.762,-18.65]],"c":true}]},{"t":52,"s":[{"i":[[0,1.1],[0.8,-0.4],[0,0],[0,-1.101],[-0.8,0.4],[0,0]],"o":[[0,-1.1],[0,0],[-0.8,0.5],[0,1.099],[0,0],[0.8,-0.5]],"v":[[35.2,-20.3],[33.7,-21.5],[-33.7,17.4],[-35.2,20.301],[-33.7,21.5],[33.7,-17.4]],"c":true}]}],"ix":2},"nm":"Path 1","mn":"ADBE Vector Shape - Group","hd":false},{"ty":"gf","o":{"a":0,"k":100,"ix":10},"r":1,"bm":0,"g":{"p":5,"k":{"a":0,"k":[0,0.259,0.588,0.918,0.165,0.225,0.539,0.88,0.33,0.192,0.49,0.843,0.665,0.11,0.375,0.755,1,0.027,0.259,0.667],"ix":9}},"s":{"a":0,"k":[35,-6.5],"ix":5},"e":{"a":0,"k":[-35,34],"ix":6},"t":1,"nm":"Gradient Fill 1","mn":"ADBE Vector Graphic - G-Fill","hd":false},{"ty":"tr","p":{"a":0,"k":[54.05,193.018],"ix":2},"a":{"a":0,"k":[0,0],"ix":1},"s":{"a":0,"k":[100,100],"ix":3},"r":{"a":0,"k":0,"ix":6},"o":{"a":0,"k":100,"ix":7},"sk":{"a":0,"k":0,"ix":4},"sa":{"a":0,"k":0,"ix":5},"nm":"Transform"}],"nm":"Group 2","np":2,"cix":2,"bm":0,"ix":2,"mn":"ADBE Vector Group","hd":false},{"ty":"gr","it":[{"ind":0,"ty":"sh","ix":1,"ks":{"a":1,"k":[{"i":{"x":0.667,"y":1},"o":{"x":0.333,"y":0},"t":44,"s":[{"i":[[0,1.1],[0.8,-0.4],[0,0],[0,-1.1],[-0.8,0.4],[0,0]],"o":[[0,-1.1],[0,0],[-0.8,0.5],[0,1.1],[0,0],[0.9,-0.5]],"v":[[-32.05,18.95],[-33.55,17.75],[-33.7,17.4],[-35.2,20.3],[-33.7,21.5],[-33.65,21.85]],"c":true}]},{"i":{"x":0.667,"y":1},"o":{"x":0.333,"y":0},"t":50,"s":[{"i":[[0,1.1],[0.8,-0.4],[0,0],[0,-1.1],[-0.8,0.4],[0,0]],"o":[[0,-1.1],[0,0],[-0.8,0.5],[0,1.1],[0,0],[0.9,-0.5]],"v":[[38.262,-21.55],[36.762,-22.75],[-33.637,17.4],[-35.137,20.3],[-33.637,21.5],[36.662,-18.65]],"c":true}]},{"t":52,"s":[{"i":[[0,1.1],[0.8,-0.4],[0,0],[0,-1.1],[-0.8,0.4],[0,0]],"o":[[0,-1.1],[0,0],[-0.8,0.5],[0,1.1],[0,0],[0.9,-0.5]],"v":[[35.2,-20.3],[33.7,-21.5],[-33.7,17.4],[-35.2,20.3],[-33.7,21.5],[33.6,-17.4]],"c":true}]}],"ix":2},"nm":"Path 1","mn":"ADBE Vector Shape - Group","hd":false},{"ty":"gf","o":{"a":0,"k":100,"ix":10},"r":1,"bm":0,"g":{"p":5,"k":{"a":0,"k":[0,0.259,0.588,0.918,0.165,0.225,0.539,0.88,0.33,0.192,0.49,0.843,0.665,0.11,0.375,0.755,1,0.027,0.259,0.667],"ix":9}},"s":{"a":0,"k":[35,-6.5],"ix":5},"e":{"a":0,"k":[-35,34],"ix":6},"t":1,"nm":"Gradient Fill 1","mn":"ADBE Vector Graphic - G-Fill","hd":false},{"ty":"tr","p":{"a":0,"k":[54.05,179.418],"ix":2},"a":{"a":0,"k":[0,0],"ix":1},"s":{"a":0,"k":[100,100],"ix":3},"r":{"a":0,"k":0,"ix":6},"o":{"a":0,"k":100,"ix":7},"sk":{"a":0,"k":0,"ix":4},"sa":{"a":0,"k":0,"ix":5},"nm":"Transform"}],"nm":"Group 3","np":2,"cix":2,"bm":0,"ix":3,"mn":"ADBE Vector Group","hd":false},{"ty":"gr","it":[{"ind":0,"ty":"sh","ix":1,"ks":{"a":1,"k":[{"i":{"x":0.667,"y":1},"o":{"x":0.333,"y":0},"t":44,"s":[{"i":[[0,1.1],[0.8,-0.4],[0,0],[0,-1.1],[-0.8,0.4],[0,0]],"o":[[0,-1.1],[0,0],[-0.8,0.5],[0,1.1],[0,0],[0.8,-0.5]],"v":[[-32.05,18.95],[-33.55,17.75],[-33.7,17.4],[-35.2,20.3],[-33.7,21.5],[-33.55,21.85]],"c":true}]},{"i":{"x":0.667,"y":1},"o":{"x":0.333,"y":0},"t":50,"s":[{"i":[[0,1.1],[0.8,-0.4],[0,0],[0,-1.1],[-0.8,0.4],[0,0]],"o":[[0,-1.1],[0,0],[-0.8,0.5],[0,1.1],[0,0],[0.8,-0.5]],"v":[[38.262,-21.55],[36.762,-22.75],[-33.637,17.4],[-35.137,20.3],[-33.637,21.5],[36.762,-18.65]],"c":true}]},{"t":52,"s":[{"i":[[0,1.1],[0.8,-0.4],[0,0],[0,-1.1],[-0.8,0.4],[0,0]],"o":[[0,-1.1],[0,0],[-0.8,0.5],[0,1.1],[0,0],[0.8,-0.5]],"v":[[35.2,-20.3],[33.7,-21.5],[-33.7,17.4],[-35.2,20.3],[-33.7,21.5],[33.7,-17.4]],"c":true}]}],"ix":2},"nm":"Path 1","mn":"ADBE Vector Shape - Group","hd":false},{"ty":"gf","o":{"a":0,"k":100,"ix":10},"r":1,"bm":0,"g":{"p":5,"k":{"a":0,"k":[0,0.259,0.588,0.918,0.165,0.225,0.539,0.88,0.33,0.192,0.49,0.843,0.665,0.11,0.375,0.755,1,0.027,0.259,0.667],"ix":9}},"s":{"a":0,"k":[35,-6.5],"ix":5},"e":{"a":0,"k":[-35,34],"ix":6},"t":1,"nm":"Gradient Fill 1","mn":"ADBE Vector Graphic - G-Fill","hd":false},{"ty":"tr","p":{"a":0,"k":[54.05,165.818],"ix":2},"a":{"a":0,"k":[0,0],"ix":1},"s":{"a":0,"k":[100,100],"ix":3},"r":{"a":0,"k":0,"ix":6},"o":{"a":0,"k":100,"ix":7},"sk":{"a":0,"k":0,"ix":4},"sa":{"a":0,"k":0,"ix":5},"nm":"Transform"}],"nm":"Group 4","np":2,"cix":2,"bm":0,"ix":4,"mn":"ADBE Vector Group","hd":false},{"ty":"gr","it":[{"ind":0,"ty":"sh","ix":1,"ks":{"a":1,"k":[{"i":{"x":0.667,"y":1},"o":{"x":0.333,"y":0},"t":44,"s":[{"i":[[0,1.1],[0.8,-0.4],[0,0],[0,-1.1],[-0.8,0.4],[0,0]],"o":[[0,-1.1],[0,0],[-0.8,0.5],[0,1.1],[0,0],[0.8,-0.5]],"v":[[-32.05,18.95],[-33.55,17.75],[-33.7,17.4],[-35.2,20.3],[-33.7,21.5],[-33.55,21.85]],"c":true}]},{"i":{"x":0.667,"y":1},"o":{"x":0.333,"y":0},"t":50,"s":[{"i":[[0,1.1],[0.8,-0.4],[0,0],[0,-1.1],[-0.8,0.4],[0,0]],"o":[[0,-1.1],[0,0],[-0.8,0.5],[0,1.1],[0,0],[0.8,-0.5]],"v":[[38.262,-21.55],[36.762,-22.75],[-33.637,17.4],[-35.137,20.3],[-33.637,21.5],[36.762,-18.65]],"c":true}]},{"t":52,"s":[{"i":[[0,1.1],[0.8,-0.4],[0,0],[0,-1.1],[-0.8,0.4],[0,0]],"o":[[0,-1.1],[0,0],[-0.8,0.5],[0,1.1],[0,0],[0.8,-0.5]],"v":[[35.2,-20.3],[33.7,-21.5],[-33.7,17.4],[-35.2,20.3],[-33.7,21.5],[33.7,-17.4]],"c":true}]}],"ix":2},"nm":"Path 1","mn":"ADBE Vector Shape - Group","hd":false},{"ty":"gf","o":{"a":0,"k":100,"ix":10},"r":1,"bm":0,"g":{"p":5,"k":{"a":0,"k":[0,0.259,0.588,0.918,0.165,0.225,0.539,0.88,0.33,0.192,0.49,0.843,0.665,0.11,0.375,0.755,1,0.027,0.259,0.667],"ix":9}},"s":{"a":0,"k":[35,-6.5],"ix":5},"e":{"a":0,"k":[-35,34],"ix":6},"t":1,"nm":"Gradient Fill 1","mn":"ADBE Vector Graphic - G-Fill","hd":false},{"ty":"tr","p":{"a":0,"k":[54.05,152.218],"ix":2},"a":{"a":0,"k":[0,0],"ix":1},"s":{"a":0,"k":[100,100],"ix":3},"r":{"a":0,"k":0,"ix":6},"o":{"a":0,"k":100,"ix":7},"sk":{"a":0,"k":0,"ix":4},"sa":{"a":0,"k":0,"ix":5},"nm":"Transform"}],"nm":"Group 5","np":2,"cix":2,"bm":0,"ix":5,"mn":"ADBE Vector Group","hd":false}],"ip":44,"op":592,"st":-8,"bm":0},{"ddd":0,"ind":4,"ty":4,"nm":"glass ","sr":1,"ks":{"o":{"a":1,"k":[{"i":{"x":[0.667],"y":[1]},"o":{"x":[0.333],"y":[0]},"t":40,"s":[0]},{"t":48,"s":[100]}],"ix":11},"r":{"a":0,"k":0,"ix":10},"p":{"a":0,"k":[100.7,138.018,0],"ix":2},"a":{"a":0,"k":[100.7,138.018,0],"ix":1},"s":{"a":0,"k":[100,100,100],"ix":6}},"ao":0,"shapes":[{"ty":"gr","it":[{"ind":0,"ty":"sh","ix":1,"ks":{"a":0,"k":{"i":[[0,4.4],[0,0],[-3.3,1.9],[0,0],[0,-4.4],[0,0],[3.3,-1.9],[0,0]],"o":[[0,0],[0,-4.4],[0,0],[3.3,-1.9],[0,0],[0,4.4],[0,0],[-3.3,1.9]],"v":[[-85.35,116.2],[-85.35,-16.9],[-79.45,-28.2],[79.45,-120.7],[85.35,-116.2],[85.35,17],[79.45,28.3],[-79.45,120.7]],"c":true},"ix":2},"nm":"Path 1","mn":"ADBE Vector Shape - Group","hd":false},{"ty":"gf","o":{"a":0,"k":100,"ix":10},"r":1,"bm":0,"g":{"p":7,"k":{"a":0,"k":[0,0.043,0.157,0.345,0.165,0.043,0.157,0.345,0.33,0.043,0.157,0.345,0.473,0.09,0.251,0.471,0.615,0.137,0.345,0.596,0.808,0.198,0.467,0.757,1,0.259,0.588,0.918,0,0,0.166,0.025,0.333,0.05,0.481,0.11,0.63,0.17,0.815,0.585,1,1],"ix":9}},"s":{"a":0,"k":[145,0],"ix":5},"e":{"a":0,"k":[-144,-78],"ix":6},"t":1,"nm":"Gradient Fill 1","mn":"ADBE Vector Graphic - G-Fill","hd":false},{"ty":"tr","p":{"a":0,"k":[100.7,138.018],"ix":2},"a":{"a":0,"k":[0,0],"ix":1},"s":{"a":0,"k":[100,100],"ix":3},"r":{"a":0,"k":0,"ix":6},"o":{"a":0,"k":100,"ix":7},"sk":{"a":0,"k":0,"ix":4},"sa":{"a":0,"k":0,"ix":5},"nm":"Transform"}],"nm":"Group 1","np":2,"cix":2,"bm":0,"ix":1,"mn":"ADBE Vector Group","hd":false}],"ip":0,"op":600,"st":0,"bm":0},{"ddd":0,"ind":5,"ty":4,"nm":"screen ","sr":1,"ks":{"o":{"a":1,"k":[{"i":{"x":[0.667],"y":[1]},"o":{"x":[0.333],"y":[0]},"t":25,"s":[0]},{"t":30,"s":[100]}],"ix":11},"r":{"a":0,"k":0,"ix":10},"p":{"a":0,"k":[97.35,136.801,0],"ix":2},"a":{"a":0,"k":[97.35,136.801,0],"ix":1},"s":{"a":0,"k":[100,100,100],"ix":6}},"ao":0,"shapes":[{"ty":"gr","it":[{"ind":0,"ty":"sh","ix":1,"ks":{"a":1,"k":[{"i":{"x":0.667,"y":1},"o":{"x":0.661,"y":0},"t":27,"s":[{"i":[[0,0],[3.701,-2.1],[0,0],[0,-8.8],[0,0],[-3.3,-0.9]],"o":[[-2.2,-2.2],[0,0],[-6.6,3.8],[0,0],[0,5.7],[0,0]],"v":[[93.5,-0.95],[84.399,-1.25],[-81.5,94.55],[-93.4,117.35],[-93.45,125.05],[-87.85,135.35]],"c":false}]},{"t":42,"s":[{"i":[[0,0],[3.701,-2.1],[0,0],[0,-8.8],[0,0],[-3.3,-0.9]],"o":[[-2.2,-2.2],[0,0],[-6.6,3.8],[0,0],[0,5.7],[0,0]],"v":[[93.45,-132.95],[84.349,-133.25],[-81.55,-37.45],[-93.45,-14.65],[-93.45,125.05],[-87.85,135.35]],"c":false}]}],"ix":2},"nm":"Path 1","mn":"ADBE Vector Shape - Group","hd":false},{"ty":"st","c":{"a":0,"k":[0.258999992819,0.588000009574,0.917999985639,1],"ix":3},"o":{"a":0,"k":100,"ix":4},"w":{"a":0,"k":1.5,"ix":5},"lc":1,"lj":1,"ml":10,"bm":0,"nm":"Stroke 1","mn":"ADBE Vector Graphic - Stroke","hd":false},{"ty":"tr","p":{"a":0,"k":[94.2,135.468],"ix":2},"a":{"a":0,"k":[0,0],"ix":1},"s":{"a":0,"k":[100,100],"ix":3},"r":{"a":0,"k":0,"ix":6},"o":{"a":0,"k":45,"ix":7},"sk":{"a":0,"k":0,"ix":4},"sa":{"a":0,"k":0,"ix":5},"nm":"Transform"}],"nm":"Group 1","np":2,"cix":2,"bm":0,"ix":1,"mn":"ADBE Vector Group","hd":false},{"ty":"gr","it":[{"ind":0,"ty":"sh","ix":1,"ks":{"a":1,"k":[{"i":{"x":0.667,"y":1},"o":{"x":0.661,"y":0},"t":27,"s":[{"i":[[-6.6,3.8],[0,0],[0,8.8],[0,0],[6.601,-3.8],[0,0],[0,-8.8],[0,0]],"o":[[0,0],[6.601,-3.8],[0,0],[0,-8.8],[0,0],[-6.6,3.8],[0,0],[0,8.8]],"v":[[-82.95,133.65],[82.949,37.85],[94.85,15.05],[94.9,7.35],[82.999,-1.65],[-82.9,94.15],[-94.8,116.95],[-94.85,124.65]],"c":true}]},{"t":42,"s":[{"i":[[-6.6,3.8],[0,0],[0,8.8],[0,0],[6.601,-3.8],[0,0],[0,-8.8],[0,0]],"o":[[0,0],[6.601,-3.8],[0,0],[0,-8.8],[0,0],[-6.6,3.8],[0,0],[0,8.8]],"v":[[-82.95,133.65],[82.949,37.85],[94.85,15.05],[94.85,-124.65],[82.949,-133.65],[-82.95,-37.85],[-94.85,-15.05],[-94.85,124.65]],"c":true}]}],"ix":2},"nm":"Path 1","mn":"ADBE Vector Shape - Group","hd":false},{"ty":"st","c":{"a":0,"k":[0.258999992819,0.588000009574,0.917999985639,1],"ix":3},"o":{"a":0,"k":100,"ix":4},"w":{"a":0,"k":1.5,"ix":5},"lc":1,"lj":1,"ml":10,"bm":0,"nm":"Stroke 1","mn":"ADBE Vector Graphic - Stroke","hd":false},{"ty":"tr","p":{"a":0,"k":[99.1,137.768],"ix":2},"a":{"a":0,"k":[0,0],"ix":1},"s":{"a":0,"k":[100,100],"ix":3},"r":{"a":0,"k":0,"ix":6},"o":{"a":0,"k":100,"ix":7},"sk":{"a":0,"k":0,"ix":4},"sa":{"a":0,"k":0,"ix":5},"nm":"Transform"}],"nm":"Group 2","np":2,"cix":2,"bm":0,"ix":2,"mn":"ADBE Vector Group","hd":false}],"ip":0,"op":600,"st":0,"bm":0},{"ddd":0,"ind":6,"ty":4,"nm":"touchpad ","sr":1,"ks":{"o":{"a":0,"k":100,"ix":11},"r":{"a":0,"k":0,"ix":10},"p":{"a":0,"k":[223.5,287.468,0],"ix":2},"a":{"a":0,"k":[223.5,287.468,0],"ix":1},"s":{"a":0,"k":[100,100,100],"ix":6}},"ao":0,"shapes":[{"ty":"gr","it":[{"ind":0,"ty":"sh","ix":1,"ks":{"a":0,"k":{"i":[[0,0],[5.101,2.9],[0,0],[-5.8,3.4],[0,0],[-5.099,-2.9],[0,0],[5.8,-3.4],[0,0]],"o":[[-5.899,3.4],[0,0],[-5.099,-2.9],[0,0],[5.901,-3.4],[0,0],[5.101,2.9],[0,0],[0,0]],"v":[[-0.451,17.45],[-20.251,18.25],[-31.751,11.65],[-30.35,0.25],[0.449,-17.45],[20.249,-18.25],[31.749,-11.65],[30.35,-0.25],[13.35,9.55]],"c":false},"ix":2},"nm":"Path 1","mn":"ADBE Vector Shape - Group","hd":false},{"ty":"st","c":{"a":0,"k":[1,1,1,1],"ix":3},"o":{"a":0,"k":100,"ix":4},"w":{"a":0,"k":2.146,"ix":5},"lc":1,"lj":1,"ml":10,"bm":0,"nm":"Stroke 1","mn":"ADBE Vector Graphic - Stroke","hd":false},{"ty":"tr","p":{"a":0,"k":[223.501,287.468],"ix":2},"a":{"a":0,"k":[0,0],"ix":1},"s":{"a":0,"k":[100,100],"ix":3},"r":{"a":0,"k":0,"ix":6},"o":{"a":0,"k":100,"ix":7},"sk":{"a":0,"k":0,"ix":4},"sa":{"a":0,"k":0,"ix":5},"nm":"Transform"}],"nm":"Group 1","np":2,"cix":2,"bm":0,"ix":1,"mn":"ADBE Vector Group","hd":false},{"ty":"tm","s":{"a":0,"k":0,"ix":1},"e":{"a":1,"k":[{"i":{"x":[0.667],"y":[1]},"o":{"x":[0.333],"y":[0]},"t":24,"s":[0]},{"i":{"x":[0.667],"y":[1]},"o":{"x":[0.333],"y":[0]},"t":38,"s":[100]},{"i":{"x":[0.667],"y":[1]},"o":{"x":[0.333],"y":[0]},"t":48,"s":[73]},{"t":56,"s":[100]}],"ix":2},"o":{"a":0,"k":0,"ix":3},"m":1,"ix":2,"nm":"Trim Paths 1","mn":"ADBE Vector Filter - Trim","hd":false}],"ip":0,"op":600,"st":0,"bm":0},{"ddd":0,"ind":7,"ty":4,"nm":"keyboard ","sr":1,"ks":{"o":{"a":0,"k":100,"ix":11},"r":{"a":0,"k":0,"ix":10},"p":{"a":0,"k":[147.279,243.518,0],"ix":2},"a":{"a":0,"k":[147.279,243.518,0],"ix":1},"s":{"a":0,"k":[100,100,100],"ix":6}},"ao":0,"shapes":[{"ty":"gr","it":[{"ind":0,"ty":"sh","ix":1,"ks":{"a":1,"k":[{"i":{"x":0.667,"y":1},"o":{"x":0.333,"y":0},"t":13,"s":[{"i":[[5.8,-3.4],[0,0],[5.1,2.9],[0,0],[-5.8,3.4],[0,0],[-5.101,-2.9],[0,0]],"o":[[0,0],[-5.9,3.399],[0,0],[-5.1,-2.9],[0,0],[5.9,-3.4],[0,0],[5,2.9]],"v":[[36,11.1],[28.8,15.6],[9,16.4],[-26.8,-4.2],[-25.4,-15.6],[-18.2,-20.1],[1.601,-20.9],[37.4,-0.3]],"c":true}]},{"t":22,"s":[{"i":[[5.8,-3.4],[0,0],[5.1,2.9],[0,0],[-5.8,3.4],[0,0],[-5.101,-2.9],[0,0]],"o":[[0,0],[-5.9,3.399],[0,0],[-5.1,-2.9],[0,0],[5.9,-3.4],[0,0],[5,2.9]],"v":[[102.5,-27.9],[-48.2,59.1],[-68,59.9],[-103.8,39.3],[-102.4,27.9],[48.3,-59.1],[68.101,-59.9],[103.9,-39.3]],"c":true}]}],"ix":2},"nm":"Path 1","mn":"ADBE Vector Shape - Group","hd":false},{"ty":"st","c":{"a":0,"k":[1,1,1,1],"ix":3},"o":{"a":0,"k":100,"ix":4},"w":{"a":0,"k":2.146,"ix":5},"lc":1,"lj":1,"ml":10,"bm":0,"nm":"Stroke 1","mn":"ADBE Vector Graphic - Stroke","hd":false},{"ty":"tr","p":{"a":0,"k":[147.25,243.518],"ix":2},"a":{"a":0,"k":[0,0],"ix":1},"s":{"a":0,"k":[100,100],"ix":3},"r":{"a":0,"k":0,"ix":6},"o":{"a":0,"k":100,"ix":7},"sk":{"a":0,"k":0,"ix":4},"sa":{"a":0,"k":0,"ix":5},"nm":"Transform"}],"nm":"Group 1","np":2,"cix":2,"bm":0,"ix":1,"mn":"ADBE Vector Group","hd":false},{"ty":"tm","s":{"a":0,"k":0,"ix":1},"e":{"a":1,"k":[{"i":{"x":[0.667],"y":[1]},"o":{"x":[0.333],"y":[0]},"t":8,"s":[0]},{"t":30,"s":[100]}],"ix":2},"o":{"a":0,"k":0,"ix":3},"m":1,"ix":2,"nm":"Trim Paths 1","mn":"ADBE Vector Filter - Trim","hd":false}],"ip":0,"op":600,"st":0,"bm":0},{"ddd":0,"ind":8,"ty":4,"nm":"base ","sr":1,"ks":{"o":{"a":0,"k":100,"ix":11},"r":{"a":0,"k":0,"ix":10},"p":{"a":0,"k":[178.72,262.249,0],"ix":2},"a":{"a":0,"k":[179.305,261.968,0],"ix":1},"s":{"a":1,"k":[{"i":{"x":[0.667,0.667,0.667],"y":[1,1,1]},"o":{"x":[0.333,0.333,0.333],"y":[0,0,0]},"t":0,"s":[0,0,100]},{"t":7,"s":[100,100,100]}],"ix":6}},"ao":0,"shapes":[{"ty":"gr","it":[{"ind":0,"ty":"sh","ix":1,"ks":{"a":1,"k":[{"i":{"x":0.667,"y":1},"o":{"x":1,"y":0},"t":0,"s":[{"i":[[8.2,-4.8],[0,0],[7.101,4.1],[0,0],[-8.199,4.7],[0,0],[-7.099,-4.1],[0,0]],"o":[[0,0],[-8.201,4.7],[0,0],[-7.1,-4.1],[0,0],[8.199,-4.7],[0,0],[7.101,4]],"v":[[99.65,26.95],[58.251,49.75],[30.65,50.85],[-86.95,-17.05],[-84.95,-32.95],[-43.549,-55.75],[-15.95,-56.85],[101.65,11.05]],"c":true}]},{"t":16,"s":[{"i":[[8.2,-4.8],[0,0],[7.101,4.1],[0,0],[-8.199,4.7],[0,0],[-7.099,-4.1],[0,0]],"o":[[0,0],[-8.201,4.7],[0,0],[-7.1,-4.1],[0,0],[8.199,-4.7],[0,0],[7.101,4]],"v":[[159.15,-8.55],[-13.749,91.25],[-41.35,92.35],[-158.95,24.45],[-156.95,8.55],[15.951,-91.25],[43.55,-92.35],[161.15,-24.45]],"c":true}]}],"ix":2},"nm":"Path 1","mn":"ADBE Vector Shape - Group","hd":false},{"ty":"mm","mm":4,"nm":"Merge Paths 1","mn":"ADBE Vector Filter - Merge","hd":false},{"ty":"fl","c":{"a":0,"k":[0.258999992819,0.588000009574,0.917999985639,1],"ix":4},"o":{"a":0,"k":100,"ix":5},"r":1,"bm":0,"nm":"Fill 1","mn":"ADBE Vector Graphic - Fill","hd":false},{"ty":"tr","p":{"a":0,"k":[171.9,262.968],"ix":2},"a":{"a":0,"k":[0,0],"ix":1},"s":{"a":0,"k":[100,100],"ix":3},"r":{"a":0,"k":0,"ix":6},"o":{"a":0,"k":100,"ix":7},"sk":{"a":0,"k":0,"ix":4},"sa":{"a":0,"k":0,"ix":5},"nm":"Transform"}],"nm":"Group 1","np":3,"cix":2,"bm":0,"ix":1,"mn":"ADBE Vector Group","hd":false},{"ty":"gr","it":[{"ind":0,"ty":"sh","ix":1,"ks":{"a":1,"k":[{"i":{"x":0.667,"y":1},"o":{"x":1,"y":0},"t":0,"s":[{"i":[[0,0],[0,0],[1.7,1],[0,0],[8.2,-4.7],[0,0],[1.1,-2.1],[0,0],[0,0],[-3.3,-1.901],[0,0],[-8.2,4.7],[0,0],[0,3.101],[0,0]],"o":[[0,0],[-0.8,-1.2],[0,0],[-7.1,-4.1],[0,0],[-2.9,1.701],[0,0],[0,0],[-0.1,2.699],[0,0],[7.1,4.1],[0,0],[4.4,-2.5],[0,0],[0,0]],"v":[[105.4,13.7],[104.2,14.4],[100.5,11],[-17.1,-56.9],[-44.7,-55.8],[-86.1,-32.901],[-92,-27.2],[-92.8,-28.401],[-92.8,-24.1],[-88,-17],[29.6,50.9],[57.2,49.8],[98.6,27],[105.3,18.099],[105.4,18]],"c":true}]},{"t":16,"s":[{"i":[[0,0],[0,0],[1.7,1],[0,0],[8.2,-4.7],[0,0],[1.1,-2.1],[0,0],[0,0],[-3.3,-1.901],[0,0],[-8.2,4.7],[0,0],[0,3.101],[0,0]],"o":[[0,0],[-0.8,-1.2],[0,0],[-7.1,-4.1],[0,0],[-2.9,1.701],[0,0],[0,0],[-0.1,2.699],[0,0],[7.1,4.1],[0,0],[4.4,-2.5],[0,0],[0,0]],"v":[[164.9,-21.8],[163.7,-21.1],[160,-24.5],[42.4,-92.4],[14.8,-91.3],[-158.1,8.599],[-164,14.3],[-164.8,13.099],[-164.8,17.4],[-160,24.5],[-42.4,92.4],[-14.8,91.3],[158.1,-8.5],[164.8,-17.401],[164.9,-17.5]],"c":true}]}],"ix":2},"nm":"Path 1","mn":"ADBE Vector Shape - Group","hd":false},{"ty":"fl","c":{"a":0,"k":[0.054999998504,0.275,0.666999966491,1],"ix":4},"o":{"a":0,"k":100,"ix":5},"r":1,"bm":0,"nm":"Fill 1","mn":"ADBE Vector Graphic - Fill","hd":false},{"ty":"tr","p":{"a":0,"k":[173.05,266.918],"ix":2},"a":{"a":0,"k":[0,0],"ix":1},"s":{"a":0,"k":[100,100],"ix":3},"r":{"a":0,"k":0,"ix":6},"o":{"a":0,"k":100,"ix":7},"sk":{"a":0,"k":0,"ix":4},"sa":{"a":0,"k":0,"ix":5},"nm":"Transform"}],"nm":"Group 2","np":2,"cix":2,"bm":0,"ix":2,"mn":"ADBE Vector Group","hd":false}],"ip":0,"op":600,"st":0,"bm":0},{"ddd":0,"ind":9,"ty":4,"nm":"base shado","sr":1,"ks":{"o":{"a":0,"k":29,"ix":11},"r":{"a":0,"k":0,"ix":10},"p":{"a":0,"k":[180.025,272.943,0],"ix":2},"a":{"a":0,"k":[180.75,272.218,0],"ix":1},"s":{"a":1,"k":[{"i":{"x":[0.667,0.667,0.667],"y":[1,1,1]},"o":{"x":[0.333,0.333,0.333],"y":[0,0,0]},"t":0,"s":[0,0,100]},{"t":7,"s":[100,100,100]}],"ix":6}},"ao":0,"shapes":[{"ty":"gr","it":[{"ind":0,"ty":"sh","ix":1,"ks":{"a":1,"k":[{"i":{"x":0.667,"y":1},"o":{"x":1,"y":0},"t":0,"s":[{"i":[[8.2,-4.8],[0,0],[7.101,4.1],[0,0],[-8.199,4.7],[0,0],[-7.099,-4.1],[0,0]],"o":[[0,0],[-8.201,4.7],[0,0],[-7.1,-4.1],[0,0],[8.199,-4.7],[0,0],[7.101,4]],"v":[[103.05,20.45],[55.651,46.75],[28.05,47.85],[-89.55,-20.05],[-87.55,-35.95],[-40.149,-62.25],[-12.55,-63.35],[105.05,4.55]],"c":true}]},{"t":16,"s":[{"i":[[8.2,-4.8],[0,0],[7.101,4.1],[0,0],[-8.199,4.7],[0,0],[-7.099,-4.1],[0,0]],"o":[[0,0],[-8.201,4.7],[0,0],[-7.1,-4.1],[0,0],[8.199,-4.7],[0,0],[7.101,4]],"v":[[158.05,-8.55],[-14.849,91.25],[-42.45,92.35],[-160.05,24.45],[-158.05,8.55],[14.851,-91.25],[42.45,-92.35],[160.05,-24.45]],"c":true}]}],"ix":2},"nm":"Path 1","mn":"ADBE Vector Shape - Group","hd":false},{"ty":"gr","it":[{"ty":"tr","p":{"a":0,"k":[0,0],"ix":2},"a":{"a":0,"k":[0,0],"ix":1},"s":{"a":0,"k":[100,100],"ix":3},"r":{"a":0,"k":0,"ix":6},"o":{"a":0,"k":100,"ix":7},"sk":{"a":0,"k":0,"ix":4},"sa":{"a":0,"k":0,"ix":5},"nm":"Transform"}],"nm":"Group 1","np":0,"cix":2,"bm":0,"ix":2,"mn":"ADBE Vector Group","hd":false},{"ty":"mm","mm":4,"nm":"Merge Paths 1","mn":"ADBE Vector Filter - Merge","hd":false},{"ty":"fl","c":{"a":0,"k":[0,0.046999998654,0.128999986836,1],"ix":4},"o":{"a":0,"k":100,"ix":5},"r":1,"bm":0,"nm":"Fill 1","mn":"ADBE Vector Graphic - Fill","hd":false},{"ty":"tr","p":{"a":0,"k":[173,279.968],"ix":2},"a":{"a":0,"k":[0,0],"ix":1},"s":{"a":0,"k":[100,100],"ix":3},"r":{"a":0,"k":0,"ix":6},"o":{"a":0,"k":100,"ix":7},"sk":{"a":0,"k":0,"ix":4},"sa":{"a":0,"k":0,"ix":5},"nm":"Transform"}],"nm":"Group 1","np":4,"cix":2,"bm":0,"ix":1,"mn":"ADBE Vector Group","hd":false}],"ip":0,"op":600,"st":0,"bm":0}],"markers":[]}